{
    "LonMongManh69": [
        {
            "x": 39.5914,
            "y": 101,
            "z": 101,
            "yaw": 90.795654296875,
            "pitch": -0.8780688047409058,
            "level": "City"
        },
        {
            "x": 39.5288,
            "y": 101,
            "z": 101,
            "yaw": 89.82882690429688,
            "pitch": 0.7979888916015625,
            "level": "City"
        }
    ],
    "RyanDz": [
        {
            "x": -30.5136,
            "y": 101,
            "z": 101,
            "yaw": 266.61804962158203,
            "pitch": 27.352828979492188,
            "level": "City"
        }
    ],
    "TabooHorizon655": []
}